<?xml version="1.0" encoding="UTF-8"?>
<project-private xmlns="http://www.netbeans.org/ns/project-private/1">
    <editor-bookmarks xmlns="http://www.netbeans.org/ns/editor-bookmarks/2" lastBookmarkId="0"/>
    <open-files xmlns="http://www.netbeans.org/ns/projectui-open-files/2">
        <group>
            <file>file:/C:/Users/maria/Downloads/c0d83f20-560b-4fa7-9fab-ccdfd8382a1f/Interfaces/src/interfaces/Conceito.java</file>
            <file>file:/C:/Users/maria/Downloads/c0d83f20-560b-4fa7-9fab-ccdfd8382a1f/Interfaces/src/interfaces/Controle.java</file>
        </group>
    </open-files>
</project-private>
